{"cameraMode":{"drawMode":0,"name":"Shaded","section":"Shading Mode"},"sceneLighting":false,"audioPlay":false,"sceneViewState":{"showFog":true,"showMaterialUpdate":false,"showSkybox":false,"showFlares":true,"showImageEffects":true,"showParticleSystems":true},"in2DMode":false,"pivot":{"x":-0.12343446910381317,"y":-0.12486684322357178,"z":-0.16376790404319764},"rotation":{"x":0.5400384664535523,"y":0.030284449458122255,"z":-0.019449783489108087,"w":0.8408710956573486},"size":1.0579442977905274,"orthographic":false}