{"cameraMode":{"drawMode":0,"name":"Shaded","section":"Shading Mode"},"sceneLighting":false,"audioPlay":false,"sceneViewState":{"showFog":true,"showMaterialUpdate":false,"showSkybox":false,"showFlares":true,"showImageEffects":true,"showParticleSystems":true},"in2DMode":false,"pivot":{"x":-0.5023654699325562,"y":0.0,"z":1.3715999126434327},"rotation":{"x":0.3900716304779053,"y":-0.052441176027059558,"z":0.022258106619119645,"w":0.9190213084220886},"size":2.437445640563965,"orthographic":false}