{"cameraMode":{"drawMode":0,"name":"Shaded","section":"Shading Mode"},"sceneLighting":false,"audioPlay":false,"sceneViewState":{"showFog":true,"showMaterialUpdate":false,"showSkybox":false,"showFlares":true,"showImageEffects":true,"showParticleSystems":true},"in2DMode":false,"pivot":{"x":0.0,"y":0.2500000298023224,"z":-5.960464477539063e-8},"rotation":{"x":0.21671000123023988,"y":-0.13191349804401399,"z":0.029567549005150796,"w":0.9668313264846802},"size":0.5108106136322022,"orthographic":false}