{"cameraMode":{"drawMode":0,"name":"Shaded","section":"Shading Mode"},"sceneLighting":false,"audioPlay":false,"sceneViewState":{"showFog":true,"showMaterialUpdate":false,"showSkybox":false,"showFlares":true,"showImageEffects":true,"showParticleSystems":true},"in2DMode":false,"pivot":{"x":1.1170682907104493,"y":0.17040693759918214,"z":-1.5563641786575318},"rotation":{"x":0.06085079535841942,"y":0.017965612933039666,"z":-0.0010955889010801912,"w":0.9979855418205261},"size":1.0812667608261109,"orthographic":true}