{"cameraMode":{"drawMode":0,"name":"Shaded","section":"Shading Mode"},"sceneLighting":false,"audioPlay":false,"sceneViewState":{"showFog":true,"showMaterialUpdate":false,"showSkybox":false,"showFlares":true,"showImageEffects":true,"showParticleSystems":true},"in2DMode":false,"pivot":{"x":-3.986968517303467,"y":0.05609012395143509,"z":-3.384215831756592},"rotation":{"x":0.3581925332546234,"y":-0.2778809666633606,"z":0.11257043480873108,"w":0.8841997981071472},"size":0.10397370159626007,"orthographic":false}