{"cameraMode":{"drawMode":0,"name":"Shaded","section":"Shading Mode"},"sceneLighting":false,"audioPlay":false,"sceneViewState":{"showFog":true,"showMaterialUpdate":false,"showSkybox":false,"showFlares":true,"showImageEffects":true,"showParticleSystems":true},"in2DMode":false,"pivot":{"x":0.05199602618813515,"y":-0.1423158347606659,"z":0.3307361602783203},"rotation":{"x":0.18332619965076447,"y":0.0368548147380352,"z":-0.006877955514937639,"w":0.9823374152183533},"size":0.40397346019744875,"orthographic":false}