{"cameraMode":{"drawMode":0,"name":"Shaded","section":"Shading Mode"},"sceneLighting":false,"audioPlay":false,"sceneViewState":{"showFog":true,"showMaterialUpdate":false,"showSkybox":false,"showFlares":true,"showImageEffects":true,"showParticleSystems":true},"in2DMode":false,"pivot":{"x":-0.40323400497436526,"y":0.08885997533798218,"z":0.2942546606063843},"rotation":{"x":0.2853802442550659,"y":0.12320125102996826,"z":-0.03702012822031975,"w":0.9497456550598145},"size":0.44440776109695437,"orthographic":true}