{"cameraMode":{"drawMode":0,"name":"Shaded","section":"Shading Mode"},"sceneLighting":false,"audioPlay":false,"sceneViewState":{"showFog":true,"showMaterialUpdate":false,"showSkybox":false,"showFlares":true,"showImageEffects":true,"showParticleSystems":true},"in2DMode":false,"pivot":{"x":0.09808851778507233,"y":1.4866397380828858,"z":-0.38629400730133059},"rotation":{"x":0.0002660211466718465,"y":-0.9984023571014404,"z":0.056368954479694369,"w":0.004789984319359064},"size":2.617175340652466,"orthographic":false}